{
  "testName": "baseline-no-fix",
  "duration": 300,
  "samples": 60,
  "startRss": 617.46875,
  "endRss": 624.703125,
  "totalGrowth": 7.234375,
  "growthRatePerHour": 88.28389830508475,
  "minRss": 617.46875,
  "maxRss": 624.703125
}