{
  "testName": "with-websocket-fix",
  "duration": 300,
  "samples": 60,
  "startRss": 624.90625,
  "endRss": 625,
  "totalGrowth": 0.09375,
  "growthRatePerHour": 1.1440677966101696,
  "minRss": 624.90625,
  "maxRss": 625
}